Lat,Lon,Name
48.159764,-120.933182,Fortress Mountain
48.093705,-120.912231,Buck Mountain
48.163424,-120.907616,Chiwawa Mountain
47.502801,-120.802476,Cannon Mountain
47.487609,-120.806379,Enchantment Peak
47.558737,-120.847262,Cashmere Mountain
48.416292,-121.067139,Mount Formidable
46.202494,-121.490746,Mount Adams
47.478944,-120.833163,Dragontail Peak
48.254762,-120.881823,Dark Peak
48.243089,-120.695664,Flora Mountain
48.928311,-119.97057,Windy Peak
48.276774,-120.7653,Devore Peak
48.923342,-120.196887,Remmel Mountain
48.115151,-120.628968,Emerald Peak
48.112242,-120.64246,Saska Peak
48.997601,-121.23088,Mount Rahm
48.65732,-120.752147,Azurite Peak
48.132071,-120.67048,Pinnacle Mountain
48.103212,-120.612542,Cardinal Peak
48.111844,-121.11412,Glacier Peak
48.988938,-121.249776,Mount Custer
48.060669,-120.984974,Luahna Peak
48.050005,-120.968577,Clark Mountain
48.299967,-121.009696,Sinister Peak
48.303663,-121.029117,Dome Peak
48.126634,-120.759946,Spectacle Buttes
48.238393,-120.344899,Raven Ridge
46.849683,-121.711774,Little Tahoma
46.852947,-121.760424,Mount Rainier
48.150437,-120.814427,Seven Fingered Jack
48.948747,-121.262656,Mox Peaks-Northwest Peak
48.218356,-120.354104,Mount Bigelow
48.947089,-121.256998,Mox Peaks
48.137643,-120.803748,Mount Maude
48.588914,-120.927825,Cosho Peak
48.969666,-121.240464,Mount Spickard
48.175612,-120.358225,Switchback Mountain
48.188568,-120.351013,Martin Peak
48.95782,-121.300744,Mount Redoubt
48.29701,-120.750681,Tupshin Peak
48.16247,-120.807521,Mount Fernow
48.726768,-120.575086,Robinson Mountain
48.180099,-120.85867,Dumbell Mountain
48.585121,-120.910853,Kimtah Peak
48.174919,-120.803479,Copper Peak
48.57863,-120.880304,Mesahchie Peak
48.185376,-120.85079,Greenwood Mountain
47.478348,-120.846468,Colchuck Peak
48.287176,-120.425141,Oval Peak
48.536727,-120.95256,Mount Logan
47.471845,-120.888871,Sherpa Peak
48.251795,-120.342975,Hoodoo Peak
48.260727,-120.443695,Courtney Peak
47.475198,-120.902476,Mount Stuart
47.468226,-120.814335,Little Annapurna
48.578509,-120.888781,Katsuk Peak
48.250748,-120.428514,Star Peak
47.470231,-120.861456,Argonaut Peak
47.470169,-120.785833,McClellan Peak
48.97566,-120.192342,Amphitheater Mountain
48.98926,-120.188954,Cathedral Peak
48.831284,-121.602849,Mount Shuksan
48.776797,-121.814467,Mount Baker
48.830934,-120.576645,Osceola Peak
48.82932,-120.537451,Mount Lago
48.483086,-120.911491,Goode Mountain
48.372291,-120.562985,Reynolds Peak
48.831994,-120.554332,Mount Carru
48.803704,-120.542934,Blackcap Mountain
48.523611,-120.816193,Black Peak
48.81287,-120.458255,Lost Peak
48.491515,-120.922718,Storm King
48.77284,-120.95637,Jack Mountain
48.549794,-121.138595,Dorado Needle
48.794296,-120.542267,Monument Peak
48.781856,-120.511765,Lake Mountain
48.537596,-121.134277,Eldorado Peak
48.511626,-121.058516,Forbidden Peak
48.477679,-120.524573,Abernathy Peak
48.635339,-121.138799,Snowfield Peak
48.568588,-121.101423,Austera Peak
48.763027,-120.327979,Big Craggy Peak
48.762425,-120.346174,West Craggy
48.554512,-121.104563,Klawatti Peak
48.582069,-121.091994,Primus Peak
48.515229,-120.501667,North Gardner Mountain
48.507,-120.48813,Gardner Mountain
48.494301,-120.999868,Mount Buckner
48.603583,-120.732601,Golden Horn
48.494064,-121.008092,Horseshoe Peak
48.491113,-121.038632,Sahale Peak
48.58847,-120.704216,Tower Mountain
48.495692,-121.035951,Boston Peak
48.238217,-120.866415,Bonanza Peak
48.241679,-120.815844,Martin Peak
46.1914178,-122.195606,Mount Saint Helens
48.547945,-120.585127,Silver Star Mountain
48.534701,-120.589549,Big Snagtooth
48.866313,-120.53255,Ptarmigan Peak
